name,email,allowed,password
Fumiya Matsunaga,info@x-fly.jp,1,wfqool
Premysl Venuta,premysl.venuta@seznam.cz,1,gvgkcg
Robin Lukasek,info@mysticstore.cz,1,6ek86d
Filip Sevcik,fsevcik@autrange.cz,1,4y2bik
Marco,marco.m@northkb-mystic.it,1,di7ra7
Adrian Drenciu,office@shopextrem.ro,1,j3w37w
JC SOLAU,jc.solau@orange.fr,1,2504ue
Amir Avinoam,amir@laguna.co.il,1,g61oql
Eli Avinoam,eli@laguna.co.il,1,jnvv7
Alessandro Allori,alessandro@mysticboarding.com,1,qsknof
Piotr,piotr@hydrosfera.pl,1,n7hdai
Rafal,rafal@hydrosfera.pl,1,k9yag
Adham Al Askary,aalaskary@katanawave.com,1,79tik
Mohammed Hossam,mhelmy@katanawave.com,1,r2w4xl
Hesham Semeda,semeda@gmail.com,1,y0zlsj
Mario Garcia Thierfeldt,mario@funbox.es,1,hdkfxz
Giuliano,scalabrin1@icloud.com,1,s25kr9
Yavuz Aksaka,yavuz@kiteacademy.com,1,7s7kkq
Savas Eren,savas.eren@vivitro.com,1,e11uvc
Kalev Tammin,kalev@surfshop.ee,1,358sub
Simon di Giantomasso,simon@sportsdeglisse.ca,1,o0eir
Dzintars Aulmanis,info@surfpro.lv,1,3ptoht
Baiba Aulmane,baiba.paeglite@gmail.com,1,i65j3b
Baiba Zvaigznite,bzvaigznite@surfpro.lv,1,992488
Jonas Hiller,jonas@northasg.de,1,whszfc
Thorge Krieger,thorge@northasg.de,1,tr4vx6
Julian Krikken,julian@artibus.fr,1,lw2qm9
Orlando,orlando@fuerte-action.com,1,7a529g
Dennis,dennis@northasg.com,1,vuqq3p
Martijn,martijn@northasg.com,1,gaqmrs
Nik Green,nik@watersportsworld.co.uk,1,eipdqf
Michael,michael@boardpunx.com,1,q6v6x
Scott,scott@watersportsworld.co.uk,1,53qlg
Joe,joe@watersportsworld.co.uk,1,bw6wac
Ollie,marketing@watersportsworld.co.uk,1,g1bu6a
Alex,alexisballadon@hotmail.co.uk,1,8x2h2
Michael Krikula,office@querfahrt.at,1,0k6is4
Stefan Popprath,stefan.popprath@windandsnow.ch,1,7744fr
Antanas,antanas@boardsports.lt,1,1nntq
Jonas,jonas@boardsports.lt,1,plb52
Davis,davis@boardside.lv,1,kr783
Marco,marco.m@northkb-mystic.it,1,cf7ks
Peter Morchev,morchev@gmail.com,1,908be8
Mostafa Al Hussaini,mostafa@dukite.com,1,45m5vb
Urge,mail@urge.no,1,val2eg
Dani Jimenez,danijimenez@jorcani.onmicrosoft.com,1,1mhroa
Maxim van Helvoort,maxim.v.helvoort@gmail.com,1,jx40ws
Ian,ian@jorcani.com,1,cj1ev9
Clément,office@multigliss.com,1,hb9m2o
Bruce,bruce@mysticsa.co.za,1,n9qlr4
Amanda,amanda@mysticsa.co.za,1,3euz9l
Alex Prieto,info@sctenerife.es,1,1l4fcw
Matt Aiken,matt@northasg.com,1,ke37tv
Mike Duhaime,mike.d@mysticboarding.com,1,pg4ovd
Igor Pavlin,info@infinitysport.net,1,4byc0p
Kevin Pavlin,kevin.pavlin@gmail.com,1,axb52n
Konstantin Mikhaylov,konstantin.mikhaylov@capitaldist.ru,1,dsxabd
Ruy Jardim,ruyjardim@interactionsports.com.br,1,0hitk2
Adriano Barzizza,adriano@hardwind.com,1,2v4sm
Juna Pablo Engelhard,juanpablo@hardwind.com,1,ysiq9k
Alan Luna,chapa@hardwind.com,1,99kzq4
Ignacio Cucchiani,nacho@hardwind.com,1,fpzs1u
MAO Alvane,shopmyallisone@gmail.com,1,bd1f9c
Rob Chaytor,salesusa@northasg.com,1,dqpcn5
Ivan Ho,sales@barvan-int.com,1,2igvqw
Barry Lam,info@barvan-int.com,1,bdogrm
James Owen,invoicingusa@northasg.com,1,k0b2kp
Shaun Bennett,shaun@northasg.com,1,xz7nz
Mattias Gunnarsson,mattias@surfspot.se,1,dnsj5
Santiago Soler,santiago.soler@nkitesurfing.com,1,9emb4
Diego Varela,diegovarela27@hotmail.com,1,tgy30f
Kuba Smoke,kuba.smok@hydrosfera.pl,1,l1b91v
Omar Abdel Fattah,omar.fattah@holix.co,1,gfoxg
Omar Ashour,omar.getp@gmail.com,1,kz641n
George,ods@onedesign.gr,1,xw7939
Long,long@singaporewakepark.com,1,8trbz9
Jeong,airwave105@naver.com,1,v69nr4
Eran,kiteboardingasia@gmail.com,1,nktv1k
Raam,raam@kiteboardingasia.com,1,kk5gx
Michel Marchand,mm74@orange.fr,1,mk2qd9
Massimo Minoia,massimo.m@northkb-mystic.it,1,sh0ga
Mike Duhaime,mike.d@northasg.com,1,i2wglu
Michael Aurin,contact@kitesurfattitude.com,1,186khp
Nico Yeh,nicowsf@yahoo.com.tw,1,e4nf3s
Julien Brout,info@sourcekiteboarding.com,1,6g6dsc
Jorn,jorn@northasg.com,1,up4ra
Barend,barend@northasg.com,1,7cq6md
Richard Lott,richard.lott@northtechnologygroup.com,1,e4dxu
Sam Watson,sam@northasg.com,1,ok4jzb
Klaus,klaus@northasg.com,1,af79zf
Thies,thies@northasg.com,1,06mixx
Max,max@northasg.com,1,wr5hg7
Jeroen,jeroen@northasg.com,1,emqryf
Mike,mike.raper@northkb.com,1,rq9v2l
David Little,dave.little@northsails.com,1,pg1xqn
Chris Williams,chris.williams@northsails.com,1,fudl4
Steve Calder,steve.calder@northsails,1,cwmw2h
Annelies,annelies@northasg.com,1,a1phac
Chloé/Sonja,sales2@northasg.com,1,2mpcws
Marguerite,marguerite@northasg.com,1,nrlyw
Liset,sales@northasg.com,1,4wc38a
Jorden,jorden@northasg.com,1,g6cjlf
Vincent,vincent@northasg.com,1,bq5sc3
Esperanza,esperanza@northasg.com,1,hfdras
Robert,robert@northasg.com,1,pouxeo
Anna,invoicing@northasg.com,1,bvvyhe
Mireille,mireille@northasg.com,1,c6u81w
Jacqueline,jacqueline@northasg.com,1,zzzpp
Corrien,corrien@northasg.com,1,qybmxp
Peet,peet@northasg.com,1,p81g3
Marjo,marjo@northasg.com,1,fr9802
Jose,jose@northasg.com,1,tzoqdn
Sander,sander@northasg.com,1,cq7uud
Edwin,edwin@northasg.com,1,bcqco4
Joost,joost@northasg.com,1,tbrdf7
Timon,timon@northasg.com,1,djzb3
Femke,femke@northasg.com,1,d6qqcl
Holley Butler,holley.butler@northkb.com,1,t0nhsm
Hugh Pinfold,hugh.pinfold@northkb.com,1,l8hde
Grace Seeley,grace.seeley@northkb.com,1,swpxyp
Nick Milne,nick@northasg.com,1,h0kua7
Uli Sommerlatt,uli.sommerlatt@northkb.com,1,qs68jo
Gabs Fletcher,gabs@northasg.com,1,9wqxdy
Leo Liang,leo@northasg.com,1,quqqae
Leander Stolwijk,leander@northasg.com,1,qgc8
Glenn,glenn@northasg.com,1,pyz601
Isabelle,isabelle@northasg.com,1,yoj77
Rick,rick@northasg.com,1,hncvr
Jalou Langeree,jaloulangeree@hotmail.com,1,s27m1
Nick Jacobsen,nickpjacobsen@gmail.com,1,wlxwls
Marc Jacobs,marcjacobskite@gmail.com,1,md5798
Jesse Richman,j.r@jesserichman.com,1,uhn009
Graham Howes,innafrica@gmail.com,1,ota23ax
Camille Delannoy,camillecamkite@gmail.com,1,1utco8
Bruna Kajiya,bruna.kajiya@gmail.com,1,mia6u
Tom Bridge,tombridgekite1@gmail.com,1,v2y2st
C&K,info@ckperformanceclinics.co.uk,1,x1c6hw
Ruben Lenten,ruben@len10.com,1,wg5bhm
Alvaro Onieva,alvaro@star-board.com,1,lkn0e
Niccolo Porcella,mail@niccoloporcella.com,1,hs0ln
Maxi Gomez,maxigomez97@yahoo.es,1,pgrp26
Paulino Pereira,paulinosantospereira@hotmail.com,1,zhadl
Janek Grzegorzewski,janek.grzegorzewski10@gmail.com,1,rhzolk
Boujmaa Guilloul,guilloul@gmail.com,1,jr80r9
Justyna Sniady,justinasurf@gmail.com,1,hksn2
Ryan Peacock,ryan.peacock@live.com,1,0hkzb9
Tyler Worrall,tyler.worrall@yahoo.com,1,sbzeul
Dominik Hernler,cto_dom@gmx.at,1,h1fitb
Julia Rick,julia@ricknet.de,1,a1tiywm
Liam Peacock,littlepeaks@live.co.uk,1,dh5sru
Maxim van Helvoort,maxim.v.helvoort@gmail.com,1,tbavh
Lisa Baloo,lisa.przhnsk@gmail.com,1,eamt1
Julien Leleu,julien@highlightprod.com,1,ikb1t6
Jett Bradshaw,saxoncohen444@gmail.com,1,khb8y
,backup0@northasg.com,1,d6p2op
,backup1@northasg.com,1,6t6xip
,backup2@northasg.com,1,kxjq8s
,backup3@northasg.com,1,fnsakm
,backup4@northasg.com,1,qlppdf
,backup5@northasg.com,1,ststxc
,backup6@northasg.com,1,qsoddk
,backup7@northasg.com,1,qb4j
,backup8@northasg.com,1,p8k5h
,backup9@northasg.com,1,ah0n1c
,backup10@northasg.com,1,lpbnbo
,backup11@northasg.com,1,d8pgn9r
,backup12@northasg.com,1,1uzk8
,backup13@northasg.com,1,65ufy
,backup14@northasg.com,1,4j30a
,backup15@northasg.com,1,b517b
,backup16@northasg.com,1,qi5yg
,backup17@northasg.com,1,i1p82q
,backup18@northasg.com,1,06dce
,backup19@northasg.com,1,s3suw
,backup20@northasg.com,1,qoqr5l
,backup21@northasg.com,1,llo18u
,backup22@northasg.com,1,vrk74n
,backup23@northasg.com,1,bksnn
,backup24@northasg.com,1,263v4j
,backup25@northasg.com,1,as5jio
,backup26@northasg.com,1,y4gdsv
,backup27@northasg.com,1,zxxow5
,backup28@northasg.com,1,7gy1lb
,backup29@northasg.com,1,hx3cxb
,backup30@northasg.com,1,2ybkj
,backup31@northasg.com,1,8pp4y
,backup32@northasg.com,1,ggwgki
,backup33@northasg.com,1,ecna74
,backup34@northasg.com,1,uwrerk
,backup35@northasg.com,1,z5jg7
,backup36@northasg.com,1,yfn0sq
,backup37@northasg.com,1,4uh3jk
,backup38@northasg.com,1,k0z1a
,backup39@northasg.com,1,rxr3n7
